Customer_ID;Customer_Name;Type_Customer;Sex;Marital status;Age;Spending_Score
1;Customer 1;Standard;Female;Married;19;39
2;Customer 2;Standard;Male;Single;21;81
3;Customer 3;Premium;Female;Married;20;6
4;Customer 4;Standard;Female;Married;23;77
5;Customer 5;Standard;Female;Married;31;40
6;Customer 6;Standard;Female;Married;22;76
7;Customer 7;Premium;Female;Married;35;6
8;Customer 8;Premium;Female;Married;23;94
9;Customer 9;Premium;Female;Single;64;3
10;Customer 10;Premium;Female;Single;30;72
11;Customer 11;Premium;Male;Single;67;14
12;Customer 12;Premium;Male;Single;35;99
13;Customer 13;Premium;Male;Single;58;15
14;Customer 14;Standard;Female;Married;24;77
15;Customer 15;Premium;Male;Single;37;13
16;Customer 16;Standard;Male;Single;22;79
17;Customer 17;Premium;Female;Married;35;35
18;Customer 18;Standard;Female;Married;20;66
19;Customer 19;Premium;Male;Single;52;29
20;Customer 20;Standard;Female;Married;35;98
21;Customer 21;Standard;Female;Married;35;35
22;Customer 22;Premium;Female;Married;25;73
23;Customer 23;Premium;Female;Married;46;5
24;Customer 24;Standard;Female;Married;31;73
25;Customer 25;Standard;Female;Single;54;14
26;Customer 26;Standard;Female;Married;29;82
27;Customer 27;Standard;Female;Single;45;32
28;Customer 28;Premium;Male;Single;35;61
29;Customer 29;Standard;Female;Married;40;31
30;Customer 30;Premium;Female;Married;23;87
31;Customer 31;Premium;Female;Single;60;4
32;Customer 32;Standard;Female;Married;21;73
33;Customer 33;Premium;Female;Married;53;4
34;Customer 34;Standard;Female;Married;18;92
35;Customer 35;Standard;Male;Single;49;14
36;Customer 36;Premium;Female;Married;21;81
37;Customer 37;Standard;Female;Married;42;17
38;Customer 38;Premium;Female;Married;30;73
39;Customer 39;Premium;Female;Married;36;26
40;Customer 40;Standard;Female;Married;20;75
41;Customer 41;Standard;Female;Married;65;35
42;Customer 42;Standard;Female;Single;24;92
43;Customer 43;Standard;Female;Married;48;36
44;Customer 44;Premium;Female;Single;31;61
45;Customer 45;Standard;Male;Single;49;28
46;Customer 46;Standard;Male;Single;24;65
47;Customer 47;Premium;Female;Married;50;55
48;Customer 48;Standard;Male;Single;27;47
49;Customer 49;Premium;Female;Married;29;42
50;Customer 50;Standard;Male;Single;31;42
51;Customer 51;Premium;Female;Married;49;52
52;Customer 52;Premium;Female;Married;33;60
53;Customer 53;Standard;Female;Married;31;54
54;Customer 54;Standard;Female;Married;59;60
55;Customer 55;Premium;Female;Married;50;45
56;Customer 56;Premium;Female;Married;47;41
57;Customer 57;Standard;Female;Married;51;50
58;Customer 58;Premium;Male;Single;69;46
59;Customer 59;Standard;Male;Single;27;51
60;Customer 60;Premium;Male;Single;53;46
61;Customer 61;Premium;Female;Single;70;56
62;Customer 62;Standard;Female;Married;19;55
63;Customer 63;Standard;Female;Married;67;52
64;Customer 64;Premium;Female;Married;54;59
65;Customer 65;Premium;Male;Single;63;51
66;Customer 66;Standard;Female;Married;18;59
67;Customer 67;Premium;Male;Single;43;50
68;Customer 68;Standard;Female;Single;68;48
69;Customer 69;Standard;Female;Married;19;59
70;Customer 70;Standard;Male;Single;32;47
71;Customer 71;Standard;Male;Single;70;55
72;Customer 72;Premium;Female;Married;47;42
73;Customer 73;Standard;Female;Married;60;49
74;Customer 74;Standard;Male;Single;60;56
75;Customer 75;Standard;Female;Married;59;47
76;Customer 76;Standard;Female;Married;26;54
77;Customer 77;Standard;Female;Married;45;53
78;Customer 78;Standard;Female;Married;40;48
79;Customer 79;Premium;Female;Married;23;52
80;Customer 80;Premium;Female;Single;49;42
81;Customer 81;Premium;Male;Single;57;51
82;Customer 82;Premium;Female;Married;38;55
83;Customer 83;Standard;Male;Single;67;41
84;Customer 84;Premium;Male;Single;46;44
85;Customer 85;Standard;Female;Married;21;57
86;Customer 86;Premium;Male;Single;48;46
87;Customer 87;Premium;Male;Single;55;58
88;Customer 88;Premium;Female;Married;22;55
89;Customer 89;Premium;Female;Married;34;60
90;Customer 90;Standard;Female;Married;50;46
91;Customer 91;Premium;Female;Married;68;55
92;Customer 92;Premium;Female;Married;18;41
93;Customer 93;Standard;Male;Single;48;49
94;Customer 94;Premium;Female;Married;40;40
95;Customer 95;Premium;Female;Married;32;42
96;Customer 96;Standard;Female;Married;24;52
97;Customer 97;Standard;Male;Single;47;47
98;Customer 98;Premium;Female;Married;27;50
99;Customer 99;Premium;Female;Married;48;42
100;Customer 100;Premium;Female;Married;20;49
101;Customer 101;Standard;Female;Single;23;41
102;Customer 102;Premium;Female;Married;49;48
103;Customer 103;Premium;Male;Single;67;59
104;Customer 104;Standard;Female;Married;26;55
105;Customer 105;Standard;Female;Single;49;56
106;Customer 106;Premium;Female;Married;21;42
107;Customer 107;Standard;Female;Married;66;50
108;Customer 108;Premium;Female;Married;54;46
109;Customer 109;Premium;Male;Single;68;43
110;Customer 110;Premium;Female;Single;66;48
111;Customer 111;Premium;Female;Single;65;52
112;Customer 112;Premium;Male;Single;19;54
113;Customer 113;Premium;Female;Married;38;42
114;Customer 114;Premium;Male;Single;19;46
115;Customer 115;Premium;Female;Single;18;48
116;Customer 116;Standard;Female;Married;19;50
117;Customer 117;Standard;Male;Single;63;43
118;Customer 118;Standard;Male;Single;49;59
119;Customer 119;Premium;Male;Single;51;43
120;Customer 120;Standard;Female;Single;50;57
121;Customer 121;Standard;Male;Single;27;56
122;Customer 122;Premium;Male;Single;38;40
123;Customer 123;Standard;Female;Married;40;58
124;Customer 124;Standard;Female;Married;39;91
125;Customer 125;Premium;Male;Single;23;29
126;Customer 126;Premium;Female;Married;31;77
127;Customer 127;Standard;Female;Single;43;35
128;Customer 128;Standard;Female;Married;40;95
129;Customer 129;Standard;Female;Married;59;11
130;Customer 130;Standard;Male;Single;38;75
131;Customer 131;Standard;Male;Single;47;9
132;Customer 132;Premium;Female;Married;39;75
133;Customer 133;Premium;Female;Married;25;34
134;Customer 134;Standard;Female;Married;31;71
135;Customer 135;Premium;Male;Single;20;5
136;Customer 136;Standard;Male;Single;29;88
137;Customer 137;Standard;Female;Married;44;7
138;Customer 138;Premium;Female;Married;32;73
139;Customer 139;Premium;Female;Married;19;10
140;Customer 140;Premium;Male;Single;35;72
141;Customer 141;Premium;Female;Single;57;5
142;Customer 142;Premium;Male;Single;32;93
143;Customer 143;Standard;Female;Married;28;40
144;Customer 144;Standard;Female;Married;32;87
145;Customer 145;Standard;Male;Single;25;12
146;Customer 146;Standard;Female;Married;28;97
147;Customer 147;Premium;Male;Single;48;36
148;Customer 148;Standard;Male;Single;32;74
149;Customer 149;Standard;Female;Married;34;22
150;Customer 150;Premium;Female;Married;34;90
151;Customer 151;Premium;Female;Married;43;17
152;Customer 152;Standard;Female;Married;39;88
153;Customer 153;Standard;Female;Married;44;20
154;Customer 154;Premium;Male;Single;38;76
155;Customer 155;Premium;Female;Married;47;16
156;Customer 156;Standard;Male;Single;27;89
157;Customer 157;Premium;Female;Married;37;1
158;Customer 158;Standard;Female;Single;30;78
159;Customer 159;Standard;Female;Married;34;1
160;Customer 160;Standard;Female;Married;30;73
161;Customer 161;Standard;Female;Married;56;35
162;Customer 162;Standard;Male;Single;29;83
163;Customer 163;Premium;Female;Married;19;5
164;Customer 164;Premium;Female;Married;31;93
165;Customer 165;Premium;Female;Married;50;26
166;Customer 166;Premium;Female;Married;36;75
167;Customer 167;Premium;Male;Single;42;20
168;Customer 168;Premium;Male;Single;33;95
169;Customer 169;Standard;Male;Single;36;27
170;Customer 170;Premium;Female;Single;32;63
171;Customer 171;Standard;Female;Married;40;13
172;Customer 172;Premium;Male;Single;28;75
173;Customer 173;Premium;Male;Single;36;10
174;Customer 174;Standard;Female;Married;36;92
175;Customer 175;Standard;Female;Married;52;13
176;Customer 176;Standard;Male;Single;30;86
177;Customer 177;Standard;Female;Single;58;15
178;Customer 178;Premium;Female;Married;27;69
179;Customer 179;Premium;Female;Married;59;14
180;Customer 180;Premium;Female;Married;35;90
181;Customer 181;Standard;Female;Single;37;32
182;Customer 182;Standard;Female;Single;32;86
183;Customer 183;Premium;Female;Married;46;15
184;Customer 184;Premium;Female;Married;29;88
185;Customer 185;Premium;Female;Married;41;39
186;Customer 186;Premium;Female;Married;30;97
187;Customer 187;Premium;Male;Single;54;24
188;Customer 188;Premium;Female;Married;28;68
189;Customer 189;Standard;Female;Single;41;17
190;Customer 190;Standard;Male;Single;36;85
191;Customer 191;Standard;Female;Married;34;23
192;Customer 192;Premium;Female;Married;32;69
193;Customer 193;Standard;Female;Married;33;8
194;Customer 194;Standard;Female;Single;38;91
195;Customer 195;Premium;Female;Married;47;16
196;Customer 196;Standard;Male;Single;35;79
197;Customer 197;Standard;Male;Single;45;28
198;Customer 198;Standard;Male;Single;32;74
199;Customer 199;Standard;Female;Married;32;18
200;Customer 200;Standard;Female;Single;30;83
201;Customer 201;Standard;Female;Married;52;73
202;Customer 202;Standard;Female;Single;27;48
203;Customer 203;Premium;Female;Married;26;82
204;Customer 204;Premium;Female;Single;21;76
205;Customer 205;Standard;Female;Married;38;39
206;Customer 206;Standard;Female;Married;38;30
207;Customer 207;Standard;Female;Married;43;8
208;Customer 208;Premium;Female;Married;26;98
209;Customer 209;Premium;Female;Single;21;46
210;Customer 210;Standard;Female;Married;55;12
211;Customer 211;Standard;Female;Married;33;9
212;Customer 212;Premium;Male;Single;45;12
213;Customer 213;Premium;Female;Married;50;79
214;Customer 214;Premium;Female;Married;66;28
215;Customer 215;Standard;Female;Married;51;47
216;Customer 216;Standard;Male;Single;39;98
217;Customer 217;Standard;Female;Married;31;39
218;Customer 218;Standard;Female;Married;23;69
219;Customer 219;Premium;Female;Single;24;79
220;Customer 220;Premium;Male;Single;64;35
221;Customer 221;Premium;Female;Single;26;15
222;Customer 222;Premium;Male;Single;23;8
223;Customer 223;Premium;Female;Married;30;64
224;Customer 224;Premium;Female;Married;32;22
225;Customer 225;Premium;Female;Married;30;74
226;Customer 226;Standard;Female;Married;27;39
227;Customer 227;Premium;Female;Married;27;96
228;Customer 228;Standard;Female;Married;53;12
229;Customer 229;Premium;Female;Married;22;45
230;Customer 230;Standard;Female;Married;22;84
231;Customer 231;Premium;Female;Married;26;96
232;Customer 232;Standard;Female;Married;51;17
233;Customer 233;Premium;Female;Married;35;35
234;Customer 234;Standard;Female;Single;25;77
235;Customer 235;Premium;Female;Married;42;92
236;Customer 236;Premium;Female;Married;30;90
237;Customer 237;Premium;Female;Married;23;11
238;Customer 238;Standard;Female;Single;61;61
239;Customer 239;Premium;Male;Single;35;17
240;Customer 240;Standard;Female;Married;39;14
241;Customer 241;Premium;Male;Single;29;86
242;Customer 242;Premium;Female;Married;51;21
243;Customer 243;Standard;Female;Married;24;98
244;Customer 244;Premium;Male;Single;27;27
245;Customer 245;Premium;Male;Single;35;11
246;Customer 246;Standard;Female;Married;25;45
247;Customer 247;Premium;Female;Married;52;90
248;Customer 248;Standard;Female;Married;35;50
249;Customer 249;Standard;Female;Married;26;13
250;Customer 250;Premium;Male;Single;22;20
251;Customer 251;Standard;Male;Single;39;92
252;Customer 252;Standard;Male;Single;46;18
253;Customer 253;Premium;Male;Single;24;90
254;Customer 254;Premium;Female;Married;35;28
255;Customer 255;Premium;Female;Married;24;39
256;Customer 256;Premium;Female;Married;27;94
257;Customer 257;Standard;Female;Married;35;78
258;Customer 258;Standard;Female;Single;29;9
259;Customer 259;Standard;Male;Single;23;33
260;Customer 260;Standard;Male;Single;57;11
261;Customer 261;Standard;Female;Married;27;5
262;Customer 262;Premium;Male;Single;55;15
263;Customer 263;Standard;Female;Married;36;67
264;Customer 264;Standard;Male;Single;57;73
265;Customer 265;Premium;Female;Married;32;77
266;Customer 266;Standard;Female;Married;37;2
267;Customer 267;Standard;Female;Married;36;57
268;Customer 268;Premium;Male;Single;38;33
269;Customer 269;Standard;Female;Single;45;92
270;Customer 270;Premium;Female;Married;25;55
271;Customer 271;Premium;Female;Married;32;93
272;Customer 272;Premium;Male;Single;37;30
273;Customer 273;Premium;Female;Married;36;9
274;Customer 274;Standard;Female;Married;28;38
275;Customer 275;Premium;Female;Single;34;86
276;Customer 276;Premium;Female;Married;32;30
277;Customer 277;Premium;Male;Single;26;16
278;Customer 278;Premium;Female;Single;49;48
279;Customer 279;Standard;Male;Single;32;78
280;Customer 280;Premium;Female;Married;29;5
281;Customer 281;Premium;Female;Married;23;20
282;Customer 282;Standard;Female;Married;50;52
283;Customer 283;Premium;Female;Married;49;93
284;Customer 284;Standard;Female;Married;63;23
285;Customer 285;Premium;Female;Single;37;40
286;Customer 286;Premium;Male;Single;35;50
287;Customer 287;Standard;Female;Married;26;3
288;Customer 288;Standard;Female;Married;31;39
289;Customer 289;Premium;Male;Single;49;97
290;Customer 290;Standard;Female;Single;48;67
291;Customer 291;Premium;Female;Single;26;81
292;Customer 292;Standard;Female;Single;28;79
293;Customer 293;Premium;Male;Single;44;84
294;Customer 294;Standard;Female;Married;56;7
295;Customer 295;Premium;Female;Single;46;73
296;Customer 296;Premium;Male;Single;26;73
297;Customer 297;Standard;Male;Single;20;14
298;Customer 298;Standard;Female;Married;45;83
299;Customer 299;Standard;Female;Married;43;90
300;Customer 300;Premium;Female;Married;32;70
301;Customer 301;Standard;Male;Single;54;9
302;Customer 302;Standard;Male;Single;42;8
303;Customer 303;Premium;Female;Married;37;60
304;Customer 304;Premium;Female;Married;49;59
305;Customer 305;Standard;Female;Married;44;53
306;Customer 306;Premium;Female;Single;33;59
307;Customer 307;Standard;Male;Single;24;16
308;Customer 308;Premium;Female;Single;33;60
309;Customer 309;Standard;Male;Single;24;28
310;Customer 310;Premium;Female;Single;22;37
311;Customer 311;Premium;Female;Married;40;9
312;Customer 312;Standard;Female;Married;25;96
313;Customer 313;Premium;Male;Single;26;56
314;Customer 314;Standard;Female;Single;25;96
315;Customer 315;Premium;Female;Married;29;76
316;Customer 316;Premium;Female;Married;31;26
317;Customer 317;Premium;Female;Married;38;100
318;Customer 318;Premium;Male;Single;48;61
319;Customer 319;Premium;Female;Married;32;16
320;Customer 320;Standard;Male;Single;27;27
321;Customer 321;Premium;Female;Single;28;70
322;Customer 322;Standard;Female;Single;32;77
323;Customer 323;Standard;Female;Married;34;30
324;Customer 324;Premium;Female;Married;28;6
325;Customer 325;Standard;Male;Single;36;77
326;Customer 326;Standard;Female;Married;39;27
327;Customer 327;Standard;Female;Married;49;29
328;Customer 328;Premium;Male;Single;34;98
329;Customer 329;Standard;Female;Married;31;93
330;Customer 330;Premium;Female;Married;28;82
331;Customer 331;Standard;Female;Married;75;54
332;Customer 332;Premium;Male;Single;30;50
333;Customer 333;Standard;Male;Single;24;60
334;Customer 334;Standard;Male;Single;24;69
335;Customer 335;Premium;Female;Married;23;1
336;Customer 336;Standard;Female;Single;44;60
337;Customer 337;Premium;Male;Single;23;82
338;Customer 338;Premium;Male;Single;24;14
339;Customer 339;Standard;Female;Married;28;36
340;Customer 340;Standard;Female;Single;31;9
341;Customer 341;Premium;Male;Single;24;59
342;Customer 342;Standard;Male;Single;26;8
343;Customer 343;Premium;Female;Single;25;30
344;Customer 344;Standard;Female;Married;33;73
345;Customer 345;Premium;Female;Married;37;84
346;Customer 346;Standard;Male;Single;43;19
347;Customer 347;Premium;Female;Married;23;72
348;Customer 348;Standard;Male;Single;23;46
349;Customer 349;Standard;Female;Married;34;49
350;Customer 350;Premium;Female;Married;32;54
351;Customer 351;Standard;Male;Single;23;15
352;Customer 352;Standard;Male;Single;29;83
353;Customer 353;Premium;Female;Married;38;44
354;Customer 354;Standard;Female;Married;28;22
355;Customer 355;Premium;Female;Married;46;83
356;Customer 356;Premium;Female;Married;23;68
357;Customer 357;Premium;Female;Married;49;66
358;Customer 358;Premium;Female;Married;26;94
359;Customer 359;Standard;Female;Single;28;58
360;Customer 360;Premium;Male;Single;23;80
361;Customer 361;Standard;Female;Married;61;87
362;Customer 362;Premium;Female;Married;37;55
363;Customer 363;Standard;Male;Single;36;86
364;Customer 364;Standard;Female;Single;21;34
365;Customer 365;Premium;Female;Married;25;68
366;Customer 366;Standard;Female;Married;36;42
367;Customer 367;Standard;Female;Married;27;56
368;Customer 368;Premium;Male;Single;22;6
369;Customer 369;Premium;Female;Married;42;92
370;Customer 370;Standard;Male;Single;40;36
371;Customer 371;Standard;Female;Married;36;36
372;Customer 372;Standard;Female;Married;33;62
373;Customer 373;Standard;Male;Single;23;39
374;Customer 374;Standard;Female;Married;63;60
375;Customer 375;Premium;Male;Single;60;86
376;Customer 376;Premium;Male;Single;37;98
377;Customer 377;Standard;Female;Single;34;88
378;Customer 378;Standard;Female;Married;36;86
379;Customer 379;Standard;Female;Married;57;19
380;Customer 380;Standard;Male;Single;52;65
381;Customer 381;Premium;Female;Married;39;92
382;Customer 382;Premium;Male;Single;38;50
383;Customer 383;Premium;Male;Single;25;65
384;Customer 384;Standard;Female;Married;26;82
385;Customer 385;Premium;Female;Married;26;30
386;Customer 386;Standard;Male;Single;25;62
387;Customer 387;Standard;Male;Single;21;16
388;Customer 388;Standard;Female;Married;40;4
389;Customer 389;Premium;Female;Married;27;9
390;Customer 390;Premium;Male;Single;27;90
391;Customer 391;Premium;Female;Single;30;89
392;Customer 392;Premium;Male;Single;19;41
393;Customer 393;Premium;Female;Married;39;51
394;Customer 394;Standard;Male;Single;31;81
395;Customer 395;Standard;Female;Married;31;13
396;Customer 396;Standard;Female;Married;32;1
397;Customer 397;Standard;Male;Single;55;21
398;Customer 398;Premium;Female;Single;46;95
399;Customer 399;Standard;Female;Single;46;74
400;Customer 400;Premium;Male;Single;43;84
401;Customer 401;Standard;Female;Single;39;63
402;Customer 402;Standard;Female;Single;28;22
403;Customer 403;Premium;Female;Married;27;86
404;Customer 404;Standard;Female;Married;27;65
405;Customer 405;Standard;Female;Married;43;50
406;Customer 406;Standard;Female;Single;22;23
407;Customer 407;Premium;Female;Married;43;83
408;Customer 408;Premium;Female;Single;27;17
409;Customer 409;Premium;Female;Single;26;50
410;Customer 410;Standard;Female;Single;28;65
411;Customer 411;Standard;Male;Single;20;96
412;Customer 412;Standard;Female;Married;35;38
413;Customer 413;Premium;Female;Married;42;67
414;Customer 414;Premium;Female;Married;40;41
415;Customer 415;Standard;Male;Single;35;45
416;Customer 416;Premium;Female;Married;35;96
417;Customer 417;Standard;Female;Married;33;73
418;Customer 418;Standard;Male;Single;23;16
419;Customer 419;Premium;Male;Single;31;28
420;Customer 420;Standard;Male;Single;33;89
421;Customer 421;Standard;Male;Single;20;67
422;Customer 422;Premium;Female;Married;30;80
423;Customer 423;Standard;Female;Married;47;26
424;Customer 424;Premium;Female;Married;34;87
425;Customer 425;Premium;Male;Single;25;77
426;Customer 426;Standard;Female;Single;21;31
427;Customer 427;Standard;Female;Married;29;97
428;Customer 428;Premium;Female;Married;46;17
429;Customer 429;Standard;Female;Married;20;67
430;Customer 430;Premium;Male;Single;55;69
431;Customer 431;Standard;Female;Married;74;90
432;Customer 432;Premium;Female;Married;29;83
433;Customer 433;Standard;Female;Married;36;50
434;Customer 434;Standard;Female;Single;33;38
435;Customer 435;Premium;Female;Married;25;54
436;Customer 436;Standard;Female;Single;25;98
437;Customer 437;Premium;Female;Single;23;96
438;Customer 438;Premium;Male;Single;37;49
439;Customer 439;Standard;Female;Married;65;97
440;Customer 440;Standard;Male;Single;26;48
441;Customer 441;Standard;Female;Married;39;29
442;Customer 442;Premium;Male;Single;30;65
443;Customer 443;Standard;Female;Married;29;45
444;Customer 444;Standard;Female;Married;41;47
445;Customer 445;Premium;Male;Single;30;23
446;Customer 446;Standard;Male;Single;41;54
447;Customer 447;Premium;Male;Single;34;66
448;Customer 448;Standard;Female;Married;35;13
449;Customer 449;Standard;Male;Single;55;42
450;Customer 450;Premium;Female;Single;61;34
451;Customer 451;Premium;Female;Married;30;13
452;Customer 452;Premium;Male;Single;29;25
453;Customer 453;Premium;Female;Married;34;17
454;Customer 454;Premium;Female;Married;35;40
455;Customer 455;Standard;Female;Married;31;32
456;Customer 456;Premium;Male;Single;29;38
457;Customer 457;Premium;Female;Married;36;71
458;Customer 458;Standard;Female;Married;35;38
459;Customer 459;Premium;Male;Single;27;60
460;Customer 460;Premium;Female;Married;32;71
461;Customer 461;Premium;Female;Married;37;99
462;Customer 462;Standard;Female;Married;36;82
463;Customer 463;Standard;Male;Single;34;58
464;Customer 464;Standard;Female;Married;38;63
465;Customer 465;Premium;Female;Married;34;14
466;Customer 466;Standard;Female;Married;63;68
467;Customer 467;Premium;Male;Single;29;87
468;Customer 468;Standard;Female;Married;32;86
469;Customer 469;Premium;Male;Single;26;14
470;Customer 470;Premium;Female;Married;35;67
471;Customer 471;Standard;Female;Single;22;67
472;Customer 472;Standard;Male;Single;23;81
473;Customer 473;Premium;Female;Married;28;39
474;Customer 474;Premium;Female;Married;36;81
475;Customer 475;Standard;Female;Single;33;41
476;Customer 476;Premium;Male;Single;26;30
477;Customer 477;Premium;Female;Married;24;53
478;Customer 478;Premium;Female;Married;25;97
479;Customer 479;Premium;Female;Married;39;27
480;Customer 480;Premium;Female;Married;44;28
481;Customer 481;Standard;Male;Single;23;49
482;Customer 482;Premium;Female;Married;26;71
483;Customer 483;Standard;Male;Single;57;99
484;Customer 484;Standard;Male;Single;30;14
485;Customer 485;Premium;Female;Married;44;3
486;Customer 486;Standard;Female;Married;47;23
487;Customer 487;Premium;Female;Married;52;32
488;Customer 488;Standard;Male;Single;62;31
489;Customer 489;Premium;Female;Married;35;72
490;Customer 490;Standard;Female;Married;26;93
491;Customer 491;Standard;Female;Married;26;20
492;Customer 492;Standard;Male;Single;42;16
493;Customer 493;Standard;Male;Single;27;8
494;Customer 494;Standard;Female;Married;38;27
495;Customer 495;Standard;Female;Married;39;68
496;Customer 496;Premium;Female;Single;20;98
497;Customer 497;Premium;Female;Married;29;64
498;Customer 498;Standard;Female;Married;40;15
499;Customer 499;Standard;Female;Single;32;55
500;Customer 500;Premium;Female;Single;28;22
501;Customer 501;Premium;Male;Single;27;12
502;Customer 502;Premium;Female;Married;42;42
503;Customer 503;Premium;Female;Single;49;87
504;Customer 504;Standard;Female;Married;38;89
505;Customer 505;Standard;Male;Single;24;81
506;Customer 506;Premium;Female;Married;27;46
507;Customer 507;Premium;Female;Married;36;41
508;Customer 508;Premium;Female;Married;34;8
509;Customer 509;Premium;Female;Single;28;20
510;Customer 510;Standard;Female;Married;45;8
511;Customer 511;Standard;Female;Married;26;19
512;Customer 512;Premium;Female;Married;32;96
513;Customer 513;Premium;Female;Married;26;20
514;Customer 514;Standard;Female;Single;20;64
515;Customer 515;Standard;Female;Married;54;45
516;Customer 516;Standard;Male;Single;37;95
517;Customer 517;Premium;Female;Married;40;85
518;Customer 518;Premium;Male;Single;23;6
519;Customer 519;Standard;Female;Married;43;20
520;Customer 520;Premium;Female;Married;36;59
521;Customer 521;Premium;Female;Married;44;92
522;Customer 522;Standard;Male;Single;24;66
523;Customer 523;Premium;Female;Married;53;53
524;Customer 524;Premium;Male;Single;23;6
525;Customer 525;Standard;Male;Single;26;96
526;Customer 526;Standard;Female;Married;30;36
527;Customer 527;Standard;Male;Single;31;6
528;Customer 528;Premium;Female;Married;42;29
529;Customer 529;Standard;Female;Single;31;23
530;Customer 530;Standard;Female;Married;41;30
531;Customer 531;Standard;Female;Married;32;79
532;Customer 532;Standard;Male;Single;28;42
533;Customer 533;Premium;Female;Single;41;9
534;Customer 534;Premium;Female;Single;26;29
535;Customer 535;Premium;Female;Married;25;3
536;Customer 536;Premium;Female;Single;33;70
537;Customer 537;Premium;Male;Single;75;78
538;Customer 538;Premium;Male;Single;37;6
539;Customer 539;Premium;Female;Married;42;10
540;Customer 540;Standard;Male;Single;45;69
541;Customer 541;Standard;Female;Single;23;100
542;Customer 542;Premium;Female;Married;60;5
543;Customer 543;Standard;Female;Married;31;18
544;Customer 544;Standard;Female;Married;34;90
545;Customer 545;Premium;Female;Married;61;13
546;Customer 546;Premium;Female;Married;43;10
547;Customer 547;Standard;Male;Single;37;19
548;Customer 548;Premium;Female;Married;32;48
549;Customer 549;Standard;Male;Single;24;62
550;Customer 550;Standard;Female;Married;35;74
551;Customer 551;Premium;Male;Single;23;56
552;Customer 552;Standard;Female;Married;45;98
553;Customer 553;Premium;Female;Single;34;47
554;Customer 554;Standard;Female;Married;27;57
555;Customer 555;Standard;Male;Single;67;62
556;Customer 556;Premium;Female;Married;22;97
557;Customer 557;Standard;Male;Single;28;58
558;Customer 558;Standard;Male;Single;29;38
559;Customer 559;Premium;Female;Married;27;23
560;Customer 560;Premium;Female;Married;31;99
561;Customer 561;Premium;Female;Married;49;70
562;Customer 562;Premium;Female;Married;24;45
563;Customer 563;Standard;Male;Single;29;42
564;Customer 564;Premium;Female;Married;37;91
565;Customer 565;Premium;Female;Married;37;42
566;Customer 566;Premium;Male;Single;23;81
567;Customer 567;Premium;Female;Single;36;69
568;Customer 568;Premium;Female;Married;34;92
569;Customer 569;Premium;Female;Married;41;57
570;Customer 570;Standard;Male;Single;31;9
571;Customer 571;Premium;Male;Single;23;41
572;Customer 572;Premium;Female;Married;38;52
573;Customer 573;Standard;Male;Single;26;5
574;Customer 574;Premium;Male;Single;22;59
575;Customer 575;Standard;Female;Married;27;67
576;Customer 576;Premium;Male;Single;24;94
577;Customer 577;Standard;Male;Single;27;77
578;Customer 578;Premium;Male;Single;33;26
579;Customer 579;Standard;Female;Single;27;96
580;Customer 580;Standard;Female;Single;27;30
581;Customer 581;Premium;Female;Married;30;14
582;Customer 582;Premium;Female;Married;49;19
583;Customer 583;Standard;Male;Single;26;82
584;Customer 584;Standard;Female;Married;33;79
585;Customer 585;Standard;Male;Single;52;85
586;Customer 586;Premium;Male;Single;20;88
587;Customer 587;Premium;Female;Married;36;93
588;Customer 588;Standard;Female;Married;21;24
589;Customer 589;Premium;Female;Single;47;72
590;Customer 590;Premium;Female;Married;60;93
591;Customer 591;Standard;Male;Single;58;23
592;Customer 592;Standard;Male;Single;42;60
593;Customer 593;Premium;Male;Single;36;64
594;Customer 594;Standard;Male;Single;20;69
595;Customer 595;Premium;Female;Married;40;12
596;Customer 596;Premium;Male;Single;32;63
597;Customer 597;Standard;Male;Single;23;44
598;Customer 598;Standard;Female;Married;36;84
599;Customer 599;Standard;Female;Married;31;75
600;Customer 600;Premium;Female;Married;32;1
601;Customer 601;Standard;Male;Single;45;88
602;Customer 602;Standard;Male;Single;30;90
603;Customer 603;Premium;Male;Single;34;72
604;Customer 604;Standard;Male;Single;28;63
605;Customer 605;Premium;Male;Single;23;3
606;Customer 606;Premium;Female;Married;22;51
607;Customer 607;Standard;Female;Married;74;74
608;Customer 608;Premium;Male;Single;50;28
609;Customer 609;Premium;Female;Married;33;98
610;Customer 610;Standard;Female;Married;45;16
611;Customer 611;Premium;Male;Single;22;3
612;Customer 612;Standard;Male;Single;48;59
613;Customer 613;Premium;Male;Single;29;12
614;Customer 614;Premium;Male;Single;22;74
615;Customer 615;Premium;Male;Single;22;92
616;Customer 616;Premium;Female;Married;48;56
617;Customer 617;Standard;Female;Married;27;94
618;Customer 618;Standard;Female;Married;37;59
619;Customer 619;Standard;Male;Single;21;25
620;Customer 620;Standard;Female;Single;49;69
621;Customer 621;Standard;Female;Married;27;26
622;Customer 622;Premium;Female;Married;32;55
623;Customer 623;Premium;Female;Single;38;37
624;Customer 624;Standard;Male;Single;22;38
625;Customer 625;Standard;Female;Married;65;35
626;Customer 626;Premium;Female;Married;35;43
627;Customer 627;Standard;Female;Married;41;51
628;Customer 628;Premium;Female;Married;29;36
629;Customer 629;Standard;Female;Married;36;69
630;Customer 630;Standard;Female;Married;64;77
631;Customer 631;Standard;Male;Single;28;40
632;Customer 632;Standard;Female;Married;44;78
633;Customer 633;Standard;Female;Married;23;72
634;Customer 634;Standard;Male;Single;19;24
635;Customer 635;Premium;Male;Single;25;10
636;Customer 636;Standard;Female;Married;47;22
637;Customer 637;Premium;Male;Single;28;83
638;Customer 638;Standard;Female;Married;21;7
639;Customer 639;Premium;Male;Single;34;6
640;Customer 640;Premium;Female;Married;26;18
641;Customer 641;Premium;Male;Single;27;29
642;Customer 642;Standard;Female;Married;38;50
643;Customer 643;Standard;Female;Married;40;11
644;Customer 644;Standard;Female;Single;33;100
645;Customer 645;Premium;Female;Single;32;60
646;Customer 646;Standard;Female;Married;27;26
647;Customer 647;Premium;Female;Single;32;16
648;Customer 648;Standard;Male;Single;26;16
649;Customer 649;Premium;Female;Married;38;60
650;Customer 650;Standard;Female;Married;40;91
651;Customer 651;Premium;Female;Married;50;96
652;Customer 652;Standard;Female;Married;37;100
653;Customer 653;Standard;Female;Married;45;78
654;Customer 654;Premium;Female;Married;42;85
655;Customer 655;Standard;Female;Married;35;56
656;Customer 656;Premium;Female;Married;22;34
657;Customer 657;Premium;Female;Married;41;55
658;Customer 658;Premium;Female;Married;37;67
659;Customer 659;Standard;Male;Single;28;27
660;Customer 660;Standard;Female;Married;41;74
661;Customer 661;Standard;Female;Single;23;95
662;Customer 662;Standard;Female;Single;23;1
663;Customer 663;Premium;Female;Married;50;18
664;Customer 664;Premium;Female;Married;35;54
665;Customer 665;Standard;Male;Single;50;17
666;Customer 666;Premium;Female;Married;27;40
667;Customer 667;Premium;Female;Married;34;99
668;Customer 668;Premium;Male;Single;27;98
669;Customer 669;Standard;Female;Married;43;71
670;Customer 670;Standard;Female;Married;47;10
671;Customer 671;Premium;Female;Married;27;32
672;Customer 672;Premium;Female;Married;31;48
673;Customer 673;Premium;Female;Married;42;2
674;Customer 674;Standard;Female;Single;24;100
675;Customer 675;Standard;Female;Married;41;17
676;Customer 676;Standard;Male;Single;26;40
677;Customer 677;Premium;Female;Married;33;33
678;Customer 678;Standard;Female;Single;24;55
679;Customer 679;Premium;Female;Married;64;12
680;Customer 680;Premium;Male;Single;26;84
681;Customer 681;Premium;Male;Single;56;80
682;Customer 682;Standard;Female;Married;37;9
683;Customer 683;Premium;Female;Single;33;68
684;Customer 684;Standard;Female;Single;47;94
685;Customer 685;Standard;Female;Married;31;43
686;Customer 686;Standard;Female;Married;34;54
687;Customer 687;Premium;Female;Married;27;97
688;Customer 688;Standard;Female;Married;30;20
689;Customer 689;Premium;Female;Married;35;25
690;Customer 690;Standard;Female;Married;31;43
691;Customer 691;Standard;Female;Single;25;70
692;Customer 692;Standard;Male;Single;25;20
693;Customer 693;Premium;Female;Married;29;3
694;Customer 694;Premium;Female;Married;44;9
695;Customer 695;Standard;Female;Married;28;66
696;Customer 696;Standard;Female;Married;50;54
697;Customer 697;Premium;Female;Married;29;81
698;Customer 698;Standard;Male;Single;38;25
699;Customer 699;Standard;Female;Married;24;18
700;Customer 700;Standard;Female;Married;40;49
701;Customer 701;Premium;Male;Single;29;88
702;Customer 702;Premium;Female;Married;46;89
703;Customer 703;Standard;Male;Single;47;20
704;Customer 704;Standard;Female;Married;41;29
705;Customer 705;Standard;Male;Single;32;67
706;Customer 706;Premium;Male;Single;35;69
707;Customer 707;Premium;Female;Married;24;99
708;Customer 708;Premium;Male;Single;25;86
709;Customer 709;Premium;Male;Single;25;56
710;Customer 710;Standard;Female;Married;37;51
711;Customer 711;Premium;Female;Married;32;98
712;Customer 712;Standard;Male;Single;35;66
713;Customer 713;Standard;Female;Married;46;100
714;Customer 714;Standard;Female;Married;25;18
715;Customer 715;Standard;Female;Married;27;34
716;Customer 716;Standard;Female;Married;63;15
717;Customer 717;Standard;Female;Married;40;2
718;Customer 718;Standard;Female;Married;32;6
719;Customer 719;Standard;Female;Married;31;70
720;Customer 720;Premium;Female;Single;31;19
721;Customer 721;Standard;Female;Married;34;43
722;Customer 722;Premium;Male;Single;24;93
723;Customer 723;Premium;Male;Single;24;11
724;Customer 724;Premium;Male;Single;66;30
725;Customer 725;Premium;Male;Single;21;51
726;Customer 726;Standard;Male;Single;41;15
727;Customer 727;Premium;Female;Single;47;82
728;Customer 728;Premium;Male;Single;25;47
729;Customer 729;Premium;Male;Single;59;97
730;Customer 730;Standard;Female;Single;36;61
731;Customer 731;Standard;Female;Married;33;10
732;Customer 732;Premium;Female;Married;21;14
733;Customer 733;Standard;Male;Single;44;46
734;Customer 734;Premium;Male;Single;28;36
735;Customer 735;Standard;Male;Single;37;14
736;Customer 736;Standard;Male;Single;29;35
737;Customer 737;Standard;Male;Single;23;39
738;Customer 738;Standard;Female;Married;35;8
739;Customer 739;Premium;Female;Married;45;29
740;Customer 740;Premium;Male;Single;26;67
741;Customer 741;Premium;Female;Married;32;69
742;Customer 742;Premium;Female;Married;23;31
743;Customer 743;Standard;Female;Married;41;25
744;Customer 744;Premium;Female;Married;22;63
745;Customer 745;Premium;Female;Married;30;15
746;Customer 746;Standard;Female;Married;28;72
747;Customer 747;Standard;Male;Single;23;55
748;Customer 748;Standard;Male;Single;37;10
749;Customer 749;Premium;Female;Married;26;18
750;Customer 750;Premium;Female;Married;33;75
751;Customer 751;Standard;Male;Single;49;96
752;Customer 752;Premium;Male;Single;23;28
753;Customer 753;Standard;Male;Single;23;28
754;Customer 754;Standard;Male;Single;25;66
755;Customer 755;Standard;Female;Married;55;48
756;Customer 756;Premium;Male;Single;32;97
757;Customer 757;Premium;Female;Married;74;85
758;Customer 758;Standard;Female;Married;39;59
759;Customer 759;Standard;Female;Married;31;64
760;Customer 760;Standard;Female;Married;35;8
761;Customer 761;Premium;Male;Single;59;28
762;Customer 762;Standard;Male;Single;24;82
763;Customer 763;Standard;Female;Married;24;39
764;Customer 764;Premium;Female;Married;30;12
765;Customer 765;Premium;Female;Single;27;11
766;Customer 766;Premium;Female;Single;40;2
767;Customer 767;Standard;Female;Single;31;73
768;Customer 768;Premium;Male;Single;31;41
769;Customer 769;Standard;Female;Married;28;35
770;Customer 770;Premium;Female;Married;63;14
771;Customer 771;Premium;Male;Single;26;68
772;Customer 772;Standard;Male;Single;25;53
773;Customer 773;Standard;Female;Married;36;47
774;Customer 774;Standard;Female;Married;52;91
775;Customer 775;Standard;Female;Married;66;31
776;Customer 776;Standard;Male;Single;25;18
777;Customer 777;Premium;Female;Married;37;33
778;Customer 778;Standard;Male;Single;25;98
779;Customer 779;Premium;Female;Married;38;57
780;Customer 780;Standard;Male;Single;67;14
781;Customer 781;Premium;Female;Married;25;38
782;Customer 782;Standard;Female;Married;60;15
783;Customer 783;Premium;Female;Married;31;49
784;Customer 784;Standard;Male;Single;23;27
785;Customer 785;Premium;Female;Single;60;66
786;Customer 786;Standard;Female;Married;35;1
787;Customer 787;Standard;Female;Married;40;19
788;Customer 788;Premium;Female;Married;38;16
789;Customer 789;Standard;Female;Married;50;51
790;Customer 790;Premium;Female;Married;27;26
791;Customer 791;Premium;Male;Single;39;22
792;Customer 792;Premium;Female;Married;41;85
793;Customer 793;Standard;Female;Single;27;15
794;Customer 794;Premium;Female;Single;51;96
795;Customer 795;Standard;Female;Married;32;53
796;Customer 796;Standard;Male;Single;22;96
797;Customer 797;Premium;Female;Married;51;3
798;Customer 798;Standard;Male;Single;22;6
799;Customer 799;Premium;Female;Single;54;59
800;Customer 800;Premium;Female;Married;35;8
801;Customer 801;Premium;Female;Married;54;57
802;Customer 802;Premium;Male;Single;48;77
803;Customer 803;Standard;Male;Single;24;23
804;Customer 804;Standard;Female;Married;35;74
805;Customer 805;Premium;Male;Single;24;75
806;Customer 806;Standard;Female;Married;24;97
807;Customer 807;Standard;Female;Single;26;22
808;Customer 808;Standard;Female;Married;65;55
809;Customer 809;Standard;Female;Married;55;30
810;Customer 810;Premium;Male;Single;26;77
811;Customer 811;Standard;Female;Single;26;80
812;Customer 812;Premium;Female;Single;28;43
813;Customer 813;Premium;Female;Married;24;21
814;Customer 814;Premium;Female;Married;54;13
815;Customer 815;Premium;Female;Married;46;29
816;Customer 816;Premium;Male;Single;54;67
817;Customer 817;Standard;Female;Single;62;64
818;Customer 818;Premium;Male;Single;24;44
819;Customer 819;Premium;Female;Single;43;70
820;Customer 820;Premium;Female;Single;26;9
821;Customer 821;Standard;Female;Single;27;60
822;Customer 822;Premium;Female;Single;24;8
823;Customer 823;Standard;Female;Married;41;2
824;Customer 824;Premium;Female;Married;47;51
825;Customer 825;Premium;Female;Single;35;61
826;Customer 826;Standard;Female;Single;30;78
827;Customer 827;Premium;Male;Single;33;76
828;Customer 828;Standard;Female;Married;36;76
829;Customer 829;Standard;Female;Married;47;33
830;Customer 830;Standard;Female;Married;38;41
831;Customer 831;Standard;Female;Married;44;25
832;Customer 832;Standard;Male;Single;23;72
833;Customer 833;Standard;Female;Married;29;85
834;Customer 834;Premium;Male;Single;42;66
835;Customer 835;Premium;Male;Single;25;3
836;Customer 836;Standard;Female;Married;48;32
837;Customer 837;Standard;Male;Single;21;67
838;Customer 838;Premium;Male;Single;23;10
839;Customer 839;Standard;Female;Married;63;17
840;Customer 840;Standard;Female;Single;46;33
841;Customer 841;Standard;Female;Married;29;38
842;Customer 842;Standard;Female;Married;28;11
843;Customer 843;Standard;Male;Single;23;92
844;Customer 844;Premium;Female;Married;50;78
845;Customer 845;Standard;Female;Married;47;63
846;Customer 846;Premium;Female;Married;35;6
847;Customer 847;Premium;Female;Married;68;76
848;Customer 848;Standard;Female;Single;28;78
849;Customer 849;Premium;Female;Married;59;3
850;Customer 850;Standard;Female;Married;57;72
851;Customer 851;Premium;Female;Single;33;12
852;Customer 852;Premium;Female;Married;43;68
853;Customer 853;Premium;Female;Married;35;27
854;Customer 854;Standard;Female;Married;32;48
855;Customer 855;Standard;Female;Married;45;17
856;Customer 856;Premium;Female;Single;33;9
857;Customer 857;Standard;Male;Single;40;67
858;Customer 858;Premium;Female;Married;28;93
859;Customer 859;Standard;Male;Single;29;62
860;Customer 860;Standard;Female;Married;26;75
861;Customer 861;Premium;Female;Married;27;96
862;Customer 862;Standard;Female;Single;28;52
863;Customer 863;Premium;Male;Single;35;32
864;Customer 864;Premium;Female;Married;32;48
865;Customer 865;Premium;Female;Married;25;55
866;Customer 866;Standard;Male;Single;20;32
867;Customer 867;Standard;Male;Single;27;69
868;Customer 868;Standard;Female;Married;42;92
869;Customer 869;Standard;Female;Married;37;34
870;Customer 870;Standard;Male;Single;24;82
871;Customer 871;Standard;Male;Single;40;16
872;Customer 872;Standard;Female;Married;46;39
873;Customer 873;Premium;Female;Married;26;94
874;Customer 874;Premium;Male;Single;24;25
875;Customer 875;Standard;Female;Married;29;33
876;Customer 876;Standard;Male;Single;40;62
877;Customer 877;Premium;Female;Married;36;37
878;Customer 878;Premium;Female;Married;28;34
879;Customer 879;Premium;Female;Married;27;57
880;Customer 880;Premium;Female;Married;36;2
881;Customer 881;Premium;Female;Married;38;22
882;Customer 882;Standard;Female;Single;48;18
883;Customer 883;Standard;Female;Married;36;25
884;Customer 884;Standard;Male;Single;65;33
885;Customer 885;Premium;Female;Single;43;99
886;Customer 886;Premium;Male;Single;53;32
887;Customer 887;Standard;Female;Married;34;39
888;Customer 888;Standard;Female;Married;23;9
889;Customer 889;Standard;Female;Married;34;65
890;Customer 890;Premium;Female;Married;40;31
891;Customer 891;Premium;Female;Married;43;92
892;Customer 892;Premium;Female;Married;46;93
893;Customer 893;Standard;Female;Married;38;24
894;Customer 894;Standard;Female;Married;34;78
895;Customer 895;Standard;Female;Married;29;2
896;Customer 896;Premium;Female;Married;31;45
897;Customer 897;Standard;Male;Single;28;49
898;Customer 898;Standard;Male;Single;35;30
899;Customer 899;Standard;Male;Single;33;65
900;Customer 900;Standard;Female;Married;42;18
901;Customer 901;Standard;Female;Married;43;84
902;Customer 902;Standard;Female;Single;44;86
903;Customer 903;Standard;Female;Married;42;6
904;Customer 904;Premium;Female;Single;40;18
905;Customer 905;Premium;Female;Married;36;68
906;Customer 906;Premium;Female;Married;20;95
907;Customer 907;Premium;Female;Married;24;64
908;Customer 908;Premium;Female;Single;27;97
909;Customer 909;Premium;Male;Single;46;48
910;Customer 910;Standard;Male;Single;33;70
911;Customer 911;Standard;Male;Single;34;41
912;Customer 912;Standard;Male;Single;25;57
913;Customer 913;Premium;Male;Single;25;85
914;Customer 914;Premium;Female;Single;28;74
915;Customer 915;Premium;Female;Married;31;48
916;Customer 916;Premium;Male;Single;32;55
917;Customer 917;Standard;Female;Married;32;56
918;Customer 918;Standard;Female;Married;68;2
919;Customer 919;Standard;Female;Single;33;23
920;Customer 920;Premium;Female;Married;39;68
921;Customer 921;Premium;Male;Single;28;81
922;Customer 922;Premium;Female;Married;37;96
923;Customer 923;Standard;Male;Single;22;41
924;Customer 924;Standard;Female;Married;30;40
925;Customer 925;Standard;Female;Single;55;25
926;Customer 926;Standard;Female;Married;46;58
927;Customer 927;Premium;Male;Single;21;24
928;Customer 928;Standard;Female;Married;39;61
929;Customer 929;Standard;Female;Married;58;27
930;Customer 930;Standard;Female;Married;43;97
931;Customer 931;Standard;Female;Married;24;12
932;Customer 932;Standard;Male;Single;22;96
933;Customer 933;Premium;Female;Married;30;54
934;Customer 934;Standard;Female;Married;42;11
935;Customer 935;Standard;Male;Single;23;3
936;Customer 936;Premium;Female;Married;30;37
937;Customer 937;Premium;Male;Single;28;41
938;Customer 938;Standard;Female;Single;30;48
939;Customer 939;Standard;Female;Married;42;8
940;Customer 940;Premium;Female;Married;46;73
941;Customer 941;Premium;Female;Married;45;33
942;Customer 942;Standard;Female;Married;31;81
943;Customer 943;Standard;Female;Married;31;81
944;Customer 944;Premium;Female;Married;42;58
945;Customer 945;Standard;Male;Single;46;56
946;Customer 946;Standard;Male;Single;30;62
947;Customer 947;Standard;Female;Married;30;54
948;Customer 948;Standard;Female;Married;38;82
949;Customer 949;Premium;Female;Single;43;6
950;Customer 950;Standard;Female;Married;31;9
951;Customer 951;Standard;Female;Single;40;71
952;Customer 952;Premium;Female;Married;24;16
953;Customer 953;Premium;Male;Single;28;24
954;Customer 954;Standard;Male;Single;26;38
955;Customer 955;Premium;Male;Single;29;91
956;Customer 956;Premium;Male;Single;57;78
957;Customer 957;Premium;Female;Married;49;59
958;Customer 958;Premium;Female;Married;37;91
959;Customer 959;Premium;Female;Married;45;28
960;Customer 960;Standard;Female;Married;30;56
961;Customer 961;Premium;Female;Single;30;81
962;Customer 962;Premium;Female;Single;47;71
963;Customer 963;Standard;Female;Married;29;54
964;Customer 964;Standard;Female;Married;35;35
965;Customer 965;Premium;Female;Single;22;88
966;Customer 966;Standard;Male;Single;26;10
967;Customer 967;Premium;Female;Married;23;91
968;Customer 968;Premium;Male;Single;54;9
969;Customer 969;Standard;Female;Single;29;81
970;Customer 970;Standard;Female;Married;40;17
971;Customer 971;Premium;Female;Married;22;29
972;Customer 972;Premium;Female;Married;43;75
973;Customer 973;Premium;Male;Single;29;63
974;Customer 974;Standard;Female;Married;36;45
975;Customer 975;Standard;Male;Single;33;4
976;Customer 976;Standard;Male;Single;57;87
977;Customer 977;Premium;Male;Single;64;95
978;Customer 978;Premium;Female;Married;42;13
979;Customer 979;Premium;Female;Married;47;48
980;Customer 980;Standard;Female;Single;25;92
981;Customer 981;Standard;Female;Married;49;49
982;Customer 982;Premium;Female;Married;33;65
983;Customer 983;Standard;Male;Single;28;89
984;Customer 984;Standard;Female;Married;26;54
985;Customer 985;Premium;Female;Married;30;14
986;Customer 986;Standard;Male;Single;25;2
987;Customer 987;Premium;Female;Single;33;79
988;Customer 988;Premium;Male;Single;64;86
989;Customer 989;Premium;Female;Married;29;82
990;Customer 990;Premium;Female;Married;48;62
991;Customer 991;Premium;Female;Married;37;55
992;Customer 992;Standard;Female;Married;34;34
993;Customer 993;Standard;Female;Single;23;5
994;Customer 994;Standard;Female;Married;30;26
995;Customer 995;Standard;Female;Married;50;45
996;Customer 996;Standard;Male;Single;31;79
997;Customer 997;Standard;Female;Single;40;52
998;Customer 998;Premium;Female;Married;38;15
999;Customer 999;Standard;Female;Married;23;8
1000;Customer 1000;Premium;Female;Married;27;7
1001;Customer 1001;Standard;Male;Single;63;14
1002;Customer 1002;Premium;Female;Married;66;72
1003;Customer 1003;Standard;Female;Single;43;96
1004;Customer 1004;Standard;Female;Single;44;41
1005;Customer 1005;Premium;Female;Single;65;39
1006;Customer 1006;Standard;Male;Single;73;62
1007;Customer 1007;Standard;Female;Married;60;40
1008;Customer 1008;Premium;Female;Single;62;5
1009;Customer 1009;Premium;Male;Single;58;33
1010;Customer 1010;Standard;Male;Single;43;42
1011;Customer 1011;Standard;Female;Married;64;61
1012;Customer 1012;Premium;Female;Single;37;10
1013;Customer 1013;Standard;Male;Single;46;74
1014;Customer 1014;Standard;Female;Single;57;95
1015;Customer 1015;Standard;Female;Single;51;34
1016;Customer 1016;Standard;Male;Single;32;71
1017;Customer 1017;Premium;Female;Married;64;87
1018;Customer 1018;Premium;Female;Married;68;63
1019;Customer 1019;Standard;Male;Single;55;52
1020;Customer 1020;Standard;Female;Married;73;64
1021;Customer 1021;Standard;Male;Single;34;7
1022;Customer 1022;Premium;Female;Single;44;13
1023;Customer 1023;Premium;Female;Married;58;56
1024;Customer 1024;Premium;Male;Single;65;79
1025;Customer 1025;Premium;Male;Single;56;52
1026;Customer 1026;Standard;Male;Single;42;42
1027;Customer 1027;Standard;Male;Single;65;5
1028;Customer 1028;Standard;Female;Married;72;45
1029;Customer 1029;Premium;Male;Single;45;66
1030;Customer 1030;Standard;Female;Married;68;98
1031;Customer 1031;Standard;Female;Married;60;91
1032;Customer 1032;Premium;Male;Single;30;8
1033;Customer 1033;Premium;Female;Married;63;73
1034;Customer 1034;Standard;Female;Married;57;52
1035;Customer 1035;Premium;Male;Single;46;6
1036;Customer 1036;Standard;Male;Single;70;72
1037;Customer 1037;Premium;Female;Married;65;71
1038;Customer 1038;Standard;Female;Married;63;66
1039;Customer 1039;Premium;Female;Single;54;85
1040;Customer 1040;Standard;Female;Single;49;91
1041;Customer 1041;Standard;Male;Single;64;36
1042;Customer 1042;Premium;Male;Single;61;96
1043;Customer 1043;Premium;Male;Single;57;49
1044;Customer 1044;Premium;Male;Single;42;19
1045;Customer 1045;Standard;Female;Married;62;2
1046;Customer 1046;Premium;Male;Single;41;36
1047;Customer 1047;Premium;Male;Single;51;89
1048;Customer 1048;Premium;Male;Single;38;3
1049;Customer 1049;Standard;Male;Single;56;96
1050;Customer 1050;Standard;Male;Single;43;56
1051;Customer 1051;Standard;Male;Single;48;8
1052;Customer 1052;Standard;Female;Married;61;21
1053;Customer 1053;Standard;Female;Single;48;21
1054;Customer 1054;Standard;Female;Married;68;50
1055;Customer 1055;Standard;Male;Single;62;85
1056;Customer 1056;Standard;Male;Single;56;8
1057;Customer 1057;Premium;Male;Single;53;66
1058;Customer 1058;Premium;Female;Single;33;78
1059;Customer 1059;Standard;Male;Single;60;47
1060;Customer 1060;Premium;Male;Single;47;16
1061;Customer 1061;Premium;Female;Single;25;61
1062;Customer 1062;Standard;Female;Married;64;45
1063;Customer 1063;Premium;Female;Married;73;55
1064;Customer 1064;Standard;Female;Single;66;95
1065;Customer 1065;Premium;Male;Single;76;71
1066;Customer 1066;Premium;Male;Single;60;2
1067;Customer 1067;Premium;Male;Single;57;100
1068;Customer 1068;Standard;Female;Single;30;96
1069;Customer 1069;Standard;Female;Single;43;5
1070;Customer 1070;Standard;Female;Married;57;23
1071;Customer 1071;Standard;Female;Single;51;77
1072;Customer 1072;Standard;Male;Single;61;83
1073;Customer 1073;Standard;Female;Married;64;70
1074;Customer 1074;Premium;Female;Single;41;76
1075;Customer 1075;Premium;Female;Single;43;42
1076;Customer 1076;Premium;Female;Single;67;20
1077;Customer 1077;Standard;Male;Single;71;23
1078;Customer 1078;Standard;Female;Married;59;40
1079;Customer 1079;Standard;Female;Single;60;29
1080;Customer 1080;Premium;Male;Single;60;38
1081;Customer 1081;Premium;Male;Single;45;19
1082;Customer 1082;Standard;Female;Married;63;88
1083;Customer 1083;Standard;Female;Single;38;20
1084;Customer 1084;Standard;Male;Single;46;49
1085;Customer 1085;Standard;Female;Single;55;86
1086;Customer 1086;Standard;Female;Single;50;85
1087;Customer 1087;Premium;Male;Single;30;75
1088;Customer 1088;Standard;Female;Married;63;30
1089;Customer 1089;Premium;Female;Married;67;72
1090;Customer 1090;Premium;Male;Single;54;99
1091;Customer 1091;Standard;Female;Married;71;19
1092;Customer 1092;Premium;Male;Single;32;7
1093;Customer 1093;Premium;Male;Single;45;69
1094;Customer 1094;Premium;Female;Married;65;65
1095;Customer 1095;Premium;Female;Married;62;97
1096;Customer 1096;Premium;Male;Single;28;75
1097;Customer 1097;Premium;Female;Married;65;33
1098;Customer 1098;Premium;Female;Married;57;66
1099;Customer 1099;Standard;Male;Single;48;15
1100;Customer 1100;Premium;Male;Single;71;43
1101;Customer 1101;Premium;Female;Married;38;14
1102;Customer 1102;Standard;Female;Single;40;70
1103;Customer 1103;Premium;Female;Married;49;89
1104;Customer 1104;Premium;Female;Single;32;79
1105;Customer 1105;Premium;Female;Married;45;98
1106;Customer 1106;Premium;Female;Married;40;92
1107;Customer 1107;Standard;Female;Married;66;40
1108;Customer 1108;Premium;Female;Married;38;94
1109;Customer 1109;Standard;Female;Single;20;100
1110;Customer 1110;Premium;Female;Married;48;97
1111;Customer 1111;Premium;Female;Single;46;34
1112;Customer 1112;Premium;Female;Married;32;87
1113;Customer 1113;Premium;Female;Married;54;98
1114;Customer 1114;Standard;Female;Single;24;16
1115;Customer 1115;Standard;Female;Single;27;59
1116;Customer 1116;Premium;Female;Married;57;30
1117;Customer 1117;Standard;Female;Married;38;57
1118;Customer 1118;Standard;Female;Married;40;49
1119;Customer 1119;Premium;Female;Single;20;78
1120;Customer 1120;Standard;Female;Married;36;58
1121;Customer 1121;Standard;Female;Married;47;49
1122;Customer 1122;Premium;Female;Married;64;29
1123;Customer 1123;Premium;Female;Married;42;13
1124;Customer 1124;Premium;Female;Married;44;71
1125;Customer 1125;Standard;Female;Single;30;66
1126;Customer 1126;Standard;Female;Married;37;69
1127;Customer 1127;Standard;Female;Married;42;12
1128;Customer 1128;Premium;Female;Single;62;89
1129;Customer 1129;Premium;Female;Married;49;49
1130;Customer 1130;Standard;Female;Married;52;77
1131;Customer 1131;Standard;Female;Single;36;65
1132;Customer 1132;Standard;Female;Married;49;62
1133;Customer 1133;Premium;Female;Married;42;43
1134;Customer 1134;Premium;Female;Married;38;29
1135;Customer 1135;Premium;Female;Married;50;58
1136;Customer 1136;Premium;Female;Single;34;82
1137;Customer 1137;Premium;Female;Married;43;70
1138;Customer 1138;Premium;Female;Married;40;99
1139;Customer 1139;Premium;Female;Married;56;87
1140;Customer 1140;Standard;Female;Married;41;44
1141;Customer 1141;Premium;Female;Single;30;36
1142;Customer 1142;Premium;Female;Single;28;5
1143;Customer 1143;Premium;Female;Married;64;58
1144;Customer 1144;Standard;Female;Married;67;55
1145;Customer 1145;Premium;Female;Married;37;32
1146;Customer 1146;Standard;Female;Married;31;70
1147;Customer 1147;Standard;Female;Married;32;1
1148;Customer 1148;Standard;Female;Single;52;73
1149;Customer 1149;Standard;Female;Single;31;49
1150;Customer 1150;Premium;Female;Married;36;66
1151;Customer 1151;Standard;Female;Single;32;23
1152;Customer 1152;Premium;Female;Married;51;5
1153;Customer 1153;Standard;Female;Married;47;82
1154;Customer 1154;Premium;Female;Single;34;37
1155;Customer 1155;Premium;Female;Single;46;89
1156;Customer 1156;Standard;Female;Single;42;67
1157;Customer 1157;Standard;Female;Married;39;26
1158;Customer 1158;Premium;Female;Married;50;65
1159;Customer 1159;Standard;Female;Married;42;51
1160;Customer 1160;Premium;Female;Single;36;2
1161;Customer 1161;Premium;Female;Single;18;39
1162;Customer 1162;Premium;Female;Married;35;61
1163;Customer 1163;Premium;Female;Married;38;82
1164;Customer 1164;Premium;Female;Married;39;26
1165;Customer 1165;Standard;Female;Single;24;86
1166;Customer 1166;Premium;Female;Married;41;64
1167;Customer 1167;Premium;Female;Married;36;91
1168;Customer 1168;Standard;Female;Married;37;40
1169;Customer 1169;Premium;Female;Single;45;26
1170;Customer 1170;Premium;Female;Married;41;88
1171;Customer 1171;Standard;Female;Married;36;46
1172;Customer 1172;Premium;Female;Married;38;63
1173;Customer 1173;Standard;Female;Married;38;74
1174;Customer 1174;Premium;Female;Single;53;89
1175;Customer 1175;Standard;Female;Married;35;36
1176;Customer 1176;Standard;Female;Married;48;10
1177;Customer 1177;Premium;Female;Married;36;68
1178;Customer 1178;Premium;Female;Single;22;67
1179;Customer 1179;Standard;Female;Married;35;14
1180;Customer 1180;Standard;Female;Married;42;68
1181;Customer 1181;Standard;Female;Married;39;43
1182;Customer 1182;Premium;Female;Married;31;77
1183;Customer 1183;Premium;Female;Married;33;22
1184;Customer 1184;Standard;Female;Single;31;71
1185;Customer 1185;Premium;Female;Married;42;31
1186;Customer 1186;Standard;Female;Married;61;73
1187;Customer 1187;Standard;Female;Married;38;71
1188;Customer 1188;Premium;Female;Married;33;61
1189;Customer 1189;Standard;Female;Married;48;53
1190;Customer 1190;Premium;Female;Married;31;13
1191;Customer 1191;Premium;Female;Married;52;5
1192;Customer 1192;Premium;Female;Single;27;5
1193;Customer 1193;Standard;Female;Married;40;37
1194;Customer 1194;Premium;Female;Married;34;57
1195;Customer 1195;Premium;Female;Single;26;50
1196;Customer 1196;Premium;Female;Married;30;46
1197;Customer 1197;Standard;Female;Married;53;16
1198;Customer 1198;Premium;Female;Married;45;17
1199;Customer 1199;Standard;Female;Married;32;76
1200;Customer 1200;Premium;Female;Married;35;19
1201;Customer 1201;Premium;Female;Single;26;5
1202;Customer 1202;Standard;Female;Married;30;61
1203;Customer 1203;Standard;Female;Married;37;27
1204;Customer 1204;Standard;Female;Married;32;27
1205;Customer 1205;Premium;Female;Single;40;70
1206;Customer 1206;Standard;Female;Married;44;85
1207;Customer 1207;Premium;Female;Married;43;87
1208;Customer 1208;Premium;Female;Married;51;72
1209;Customer 1209;Standard;Female;Married;37;90
1210;Customer 1210;Standard;Female;Married;33;67
1211;Customer 1211;Premium;Female;Single;32;38
1212;Customer 1212;Standard;Female;Married;35;7
1213;Customer 1213;Standard;Female;Single;30;37
1214;Customer 1214;Premium;Female;Single;35;71
1215;Customer 1215;Standard;Female;Married;40;40
1216;Customer 1216;Standard;Female;Married;37;58
1217;Customer 1217;Standard;Female;Married;37;54
1218;Customer 1218;Standard;Female;Married;37;25
1219;Customer 1219;Standard;Female;Married;53;51
1220;Customer 1220;Premium;Female;Married;34;41
1221;Customer 1221;Standard;Female;Married;51;14
1222;Customer 1222;Standard;Female;Single;26;95
1223;Customer 1223;Premium;Female;Married;34;84
1224;Customer 1224;Standard;Female;Married;51;75
1225;Customer 1225;Standard;Female;Married;33;56
1226;Customer 1226;Premium;Female;Single;32;56
1227;Customer 1227;Premium;Female;Married;39;6
1228;Customer 1228;Standard;Female;Married;53;64
1229;Customer 1229;Standard;Female;Married;34;53
1230;Customer 1230;Standard;Female;Married;37;21
1231;Customer 1231;Premium;Female;Single;28;52
1232;Customer 1232;Standard;Female;Single;25;4
1233;Customer 1233;Standard;Female;Married;36;57
1234;Customer 1234;Standard;Female;Single;36;60
1235;Customer 1235;Standard;Female;Married;35;93
1236;Customer 1236;Premium;Female;Single;21;8
1237;Customer 1237;Premium;Female;Single;29;79
1238;Customer 1238;Premium;Female;Married;60;88
1239;Customer 1239;Standard;Female;Married;45;51
1240;Customer 1240;Standard;Female;Single;56;89
1241;Customer 1241;Premium;Female;Single;30;32
1242;Customer 1242;Standard;Female;Married;52;35
1243;Customer 1243;Premium;Female;Single;26;28
1244;Customer 1244;Standard;Female;Married;43;9
1245;Customer 1245;Standard;Female;Married;34;72
1246;Customer 1246;Standard;Female;Single;22;50
1247;Customer 1247;Premium;Female;Married;42;62
1248;Customer 1248;Premium;Female;Married;38;8
1249;Customer 1249;Premium;Female;Single;29;37
1250;Customer 1250;Premium;Female;Married;44;35
1251;Customer 1251;Standard;Female;Single;29;38
1252;Customer 1252;Standard;Female;Married;44;11
1253;Customer 1253;Premium;Female;Married;38;1
1254;Customer 1254;Standard;Female;Single;26;47
1255;Customer 1255;Premium;Female;Married;53;79
1256;Customer 1256;Standard;Female;Married;43;68
1257;Customer 1257;Premium;Female;Married;33;29
1258;Customer 1258;Standard;Female;Married;52;28
1259;Customer 1259;Premium;Female;Single;26;19
1260;Customer 1260;Standard;Female;Married;38;43
1261;Customer 1261;Standard;Female;Married;47;12
1262;Customer 1262;Premium;Female;Single;26;32
1263;Customer 1263;Standard;Female;Single;36;73
1264;Customer 1264;Premium;Female;Married;36;41
1265;Customer 1265;Standard;Female;Married;57;95
1266;Customer 1266;Standard;Female;Single;31;36
1267;Customer 1267;Standard;Female;Married;45;81
1268;Customer 1268;Standard;Female;Married;40;89
1269;Customer 1269;Standard;Female;Single;21;3
1270;Customer 1270;Premium;Female;Married;46;54
1271;Customer 1271;Premium;Female;Married;35;47
1272;Customer 1272;Premium;Female;Single;31;51
1273;Customer 1273;Premium;Female;Married;51;29
1274;Customer 1274;Standard;Female;Single;21;60
1275;Customer 1275;Premium;Female;Married;48;42
1276;Customer 1276;Standard;Female;Married;48;32
1277;Customer 1277;Premium;Female;Married;68;42
1278;Customer 1278;Standard;Female;Single;45;52
1279;Customer 1279;Premium;Female;Married;35;35
1280;Customer 1280;Premium;Female;Single;22;23
1281;Customer 1281;Premium;Female;Married;44;42
1282;Customer 1282;Premium;Female;Married;52;42
1283;Customer 1283;Premium;Female;Married;48;7
1284;Customer 1284;Premium;Female;Married;33;82
1285;Customer 1285;Standard;Female;Single;35;64
1286;Customer 1286;Premium;Female;Single;64;54
1287;Customer 1287;Premium;Female;Married;58;10
1288;Customer 1288;Standard;Female;Single;24;41
1289;Customer 1289;Standard;Female;Married;40;46
1290;Customer 1290;Premium;Female;Married;49;79
1291;Customer 1291;Premium;Female;Married;31;80
1292;Customer 1292;Premium;Female;Married;46;71
1293;Customer 1293;Standard;Female;Married;46;21
1294;Customer 1294;Standard;Female;Married;49;67
1295;Customer 1295;Premium;Female;Married;29;56
1296;Customer 1296;Standard;Female;Married;37;21
1297;Customer 1297;Premium;Female;Married;33;49
1298;Customer 1298;Premium;Female;Married;71;74
1299;Customer 1299;Premium;Female;Married;35;45
1300;Customer 1300;Premium;Female;Married;40;16
1301;Customer 1301;Premium;Male;Married;27;79
1302;Customer 1302;Premium;Male;Married;61;58
1303;Customer 1303;Premium;Male;Single;29;34
1304;Customer 1304;Premium;Male;Married;33;30
1305;Customer 1305;Standard;Male;Married;56;68
1306;Customer 1306;Premium;Male;Single;27;58
1307;Customer 1307;Standard;Male;Single;22;3
1308;Customer 1308;Standard;Male;Single;19;77
1309;Customer 1309;Standard;Male;Single;28;91
1310;Customer 1310;Premium;Male;Single;24;41
1311;Customer 1311;Standard;Male;Single;27;31
1312;Customer 1312;Standard;Male;Single;30;28
1313;Customer 1313;Standard;Male;Married;26;58
1314;Customer 1314;Standard;Male;Single;26;69
1315;Customer 1315;Standard;Male;Single;23;66
1316;Customer 1316;Premium;Male;Single;28;11
1317;Customer 1317;Premium;Male;Single;67;96
1318;Customer 1318;Standard;Male;Single;27;73
1319;Customer 1319;Premium;Male;Single;32;9
1320;Customer 1320;Premium;Male;Married;24;22
1321;Customer 1321;Standard;Male;Single;28;91
1322;Customer 1322;Standard;Male;Married;48;57
1323;Customer 1323;Standard;Male;Single;32;68
1324;Customer 1324;Standard;Male;Single;25;100
1325;Customer 1325;Premium;Male;Single;57;100
1326;Customer 1326;Premium;Male;Single;28;30
1327;Customer 1327;Standard;Male;Single;24;69
1328;Customer 1328;Standard;Male;Single;25;41
1329;Customer 1329;Standard;Male;Married;31;30
1330;Customer 1330;Standard;Male;Married;33;50
1331;Customer 1331;Standard;Male;Single;50;93
1332;Customer 1332;Standard;Male;Single;58;88
1333;Customer 1333;Premium;Male;Single;27;100
1334;Customer 1334;Premium;Male;Single;48;42
1335;Customer 1335;Premium;Male;Single;22;38
1336;Customer 1336;Standard;Male;Single;40;29
1337;Customer 1337;Premium;Male;Single;32;66
1338;Customer 1338;Premium;Male;Married;25;70
1339;Customer 1339;Standard;Male;Single;27;65
1340;Customer 1340;Premium;Male;Single;27;55
1341;Customer 1341;Premium;Male;Single;23;35
1342;Customer 1342;Premium;Male;Single;32;64
1343;Customer 1343;Premium;Male;Single;25;36
1344;Customer 1344;Premium;Male;Single;46;62
1345;Customer 1345;Premium;Male;Single;21;26
1346;Customer 1346;Premium;Male;Single;29;38
1347;Customer 1347;Premium;Male;Single;31;9
1348;Customer 1348;Premium;Male;Married;26;86
1349;Customer 1349;Standard;Male;Single;23;37
1350;Customer 1350;Standard;Male;Married;38;39
1351;Customer 1351;Standard;Male;Married;35;82
1352;Customer 1352;Standard;Male;Single;27;50
1353;Customer 1353;Premium;Male;Single;22;40
1354;Customer 1354;Premium;Male;Single;52;29
1355;Customer 1355;Standard;Male;Single;19;72
1356;Customer 1356;Premium;Male;Single;23;77
1357;Customer 1357;Premium;Male;Married;42;30
1358;Customer 1358;Premium;Male;Single;27;69
1359;Customer 1359;Premium;Male;Single;39;100
1360;Customer 1360;Premium;Male;Single;50;5
1361;Customer 1361;Premium;Male;Single;36;92
1362;Customer 1362;Premium;Male;Single;25;50
1363;Customer 1363;Premium;Male;Single;27;5
1364;Customer 1364;Premium;Male;Single;30;9
1365;Customer 1365;Standard;Male;Married;22;48
1366;Customer 1366;Standard;Male;Single;27;40
1367;Customer 1367;Premium;Male;Married;31;93
1368;Customer 1368;Premium;Male;Single;29;10
1369;Customer 1369;Premium;Male;Married;34;16
1370;Customer 1370;Standard;Male;Married;33;92
1371;Customer 1371;Standard;Male;Single;26;43
1372;Customer 1372;Standard;Male;Single;36;51
1373;Customer 1373;Standard;Male;Single;26;47
1374;Customer 1374;Standard;Male;Single;39;98
1375;Customer 1375;Premium;Male;Single;44;29
1376;Customer 1376;Premium;Male;Single;46;52
1377;Customer 1377;Premium;Male;Single;31;64
1378;Customer 1378;Premium;Male;Married;26;33
1379;Customer 1379;Premium;Male;Single;22;12
1380;Customer 1380;Premium;Male;Married;48;37
1381;Customer 1381;Standard;Male;Single;27;75
1382;Customer 1382;Premium;Male;Married;30;23
1383;Customer 1383;Premium;Male;Single;27;49
1384;Customer 1384;Premium;Male;Single;36;37
1385;Customer 1385;Premium;Male;Single;31;51
1386;Customer 1386;Standard;Male;Married;21;73
1387;Customer 1387;Standard;Male;Single;26;13
1388;Customer 1388;Premium;Male;Married;24;3
1389;Customer 1389;Standard;Male;Single;29;13
1390;Customer 1390;Standard;Male;Single;32;88
1391;Customer 1391;Premium;Male;Single;45;41
1392;Customer 1392;Premium;Male;Single;58;23
1393;Customer 1393;Premium;Male;Single;25;92
1394;Customer 1394;Standard;Male;Single;67;80
1395;Customer 1395;Standard;Male;Single;53;44
1396;Customer 1396;Premium;Male;Single;24;6
1397;Customer 1397;Premium;Male;Married;20;57
1398;Customer 1398;Standard;Male;Single;71;10
1399;Customer 1399;Premium;Male;Single;31;29
1400;Customer 1400;Standard;Male;Single;27;80
1401;Customer 1401;Standard;Male;Single;36;68
1402;Customer 1402;Standard;Male;Single;25;10
1403;Customer 1403;Standard;Male;Married;41;27
1404;Customer 1404;Standard;Male;Single;30;22
1405;Customer 1405;Premium;Male;Single;32;96
1406;Customer 1406;Premium;Male;Single;29;24
1407;Customer 1407;Standard;Male;Married;27;32
1408;Customer 1408;Standard;Male;Single;32;25
1409;Customer 1409;Premium;Male;Single;25;80
1410;Customer 1410;Standard;Male;Married;24;4
1411;Customer 1411;Standard;Male;Single;63;3
1412;Customer 1412;Premium;Male;Married;42;37
1413;Customer 1413;Premium;Male;Single;22;63
1414;Customer 1414;Standard;Male;Single;46;30
1415;Customer 1415;Premium;Male;Single;24;78
1416;Customer 1416;Premium;Male;Married;30;39
1417;Customer 1417;Premium;Male;Single;44;86
1418;Customer 1418;Standard;Male;Married;25;3
1419;Customer 1419;Standard;Male;Single;27;26
1420;Customer 1420;Standard;Male;Single;27;76
1421;Customer 1421;Standard;Male;Single;34;45
1422;Customer 1422;Standard;Male;Single;18;53
1423;Customer 1423;Premium;Male;Single;25;41
1424;Customer 1424;Premium;Male;Single;21;9
1425;Customer 1425;Premium;Male;Single;26;44
1426;Customer 1426;Premium;Male;Single;27;99
1427;Customer 1427;Premium;Male;Married;25;91
1428;Customer 1428;Premium;Male;Single;30;50
1429;Customer 1429;Standard;Male;Married;66;75
1430;Customer 1430;Premium;Male;Single;25;23
1431;Customer 1431;Premium;Male;Single;43;63
1432;Customer 1432;Premium;Male;Single;35;14
1433;Customer 1433;Premium;Male;Married;70;90
1434;Customer 1434;Standard;Male;Married;35;21
1435;Customer 1435;Premium;Male;Single;26;81
1436;Customer 1436;Premium;Male;Married;29;17
1437;Customer 1437;Standard;Male;Single;22;41
1438;Customer 1438;Premium;Male;Married;26;40
1439;Customer 1439;Standard;Male;Single;36;21
1440;Customer 1440;Premium;Male;Single;35;88
1441;Customer 1441;Premium;Male;Single;28;86
1442;Customer 1442;Premium;Male;Single;24;73
1443;Customer 1443;Standard;Male;Single;34;94
1444;Customer 1444;Premium;Male;Single;25;48
1445;Customer 1445;Standard;Male;Single;54;12
1446;Customer 1446;Premium;Male;Married;46;16
1447;Customer 1447;Standard;Male;Single;42;78
1448;Customer 1448;Standard;Male;Married;45;6
1449;Customer 1449;Premium;Male;Married;48;47
1450;Customer 1450;Premium;Male;Married;21;12
1451;Customer 1451;Premium;Male;Single;31;68
1452;Customer 1452;Standard;Male;Married;35;93
1453;Customer 1453;Standard;Male;Single;36;66
1454;Customer 1454;Standard;Male;Single;32;31
1455;Customer 1455;Standard;Male;Single;26;82
1456;Customer 1456;Standard;Male;Single;34;76
1457;Customer 1457;Standard;Male;Single;65;6
1458;Customer 1458;Standard;Male;Single;50;54
1459;Customer 1459;Premium;Male;Single;39;48
1460;Customer 1460;Premium;Male;Married;52;5
1461;Customer 1461;Standard;Male;Single;36;88
1462;Customer 1462;Standard;Male;Single;29;46
1463;Customer 1463;Standard;Male;Single;36;45
1464;Customer 1464;Premium;Male;Single;36;99
1465;Customer 1465;Standard;Male;Single;27;46
1466;Customer 1466;Premium;Male;Single;36;59
1467;Customer 1467;Premium;Male;Single;26;57
1468;Customer 1468;Standard;Male;Married;57;80
1469;Customer 1469;Standard;Male;Married;27;84
1470;Customer 1470;Standard;Male;Single;58;60
1471;Customer 1471;Premium;Male;Single;27;92
1472;Customer 1472;Standard;Male;Single;49;78
1473;Customer 1473;Standard;Male;Single;43;10
1474;Customer 1474;Standard;Male;Married;45;50
1475;Customer 1475;Standard;Male;Single;27;27
1476;Customer 1476;Standard;Male;Single;34;17
1477;Customer 1477;Standard;Male;Single;21;11
1478;Customer 1478;Premium;Male;Single;54;27
1479;Customer 1479;Premium;Male;Single;43;88
1480;Customer 1480;Premium;Male;Married;25;100
1481;Customer 1481;Standard;Male;Married;57;18
1482;Customer 1482;Premium;Male;Single;26;23
1483;Customer 1483;Premium;Male;Married;30;63
1484;Customer 1484;Premium;Male;Married;58;36
1485;Customer 1485;Premium;Male;Single;25;43
1486;Customer 1486;Premium;Male;Single;23;32
1487;Customer 1487;Standard;Male;Married;22;32
1488;Customer 1488;Standard;Male;Single;21;56
1489;Customer 1489;Standard;Male;Single;20;60
1490;Customer 1490;Premium;Male;Single;22;46
1491;Customer 1491;Standard;Male;Married;27;60
1492;Customer 1492;Standard;Male;Married;24;89
1493;Customer 1493;Standard;Male;Single;23;8
1494;Customer 1494;Standard;Male;Single;26;27
1495;Customer 1495;Standard;Male;Married;28;43
1496;Customer 1496;Premium;Male;Single;64;15
1497;Customer 1497;Standard;Male;Single;26;90
1498;Customer 1498;Premium;Male;Single;31;42
1499;Customer 1499;Premium;Male;Married;28;81
1500;Customer 1500;Premium;Male;Single;25;19
1501;Customer 1501;Standard;Male;Married;49;98
1502;Customer 1502;Premium;Male;Single;33;73
1503;Customer 1503;Standard;Male;Married;27;85
1504;Customer 1504;Premium;Male;Single;59;40
1505;Customer 1505;Standard;Male;Single;28;1
1506;Customer 1506;Premium;Male;Single;24;47
1507;Customer 1507;Premium;Male;Single;26;51
1508;Customer 1508;Premium;Male;Married;33;88
1509;Customer 1509;Standard;Male;Married;37;71
1510;Customer 1510;Premium;Male;Single;46;56
1511;Customer 1511;Premium;Male;Single;62;79
1512;Customer 1512;Premium;Male;Married;26;43
1513;Customer 1513;Premium;Male;Single;49;25
1514;Customer 1514;Standard;Male;Single;25;44
1515;Customer 1515;Standard;Male;Single;37;50
1516;Customer 1516;Standard;Male;Married;31;72
1517;Customer 1517;Standard;Male;Married;25;72
1518;Customer 1518;Standard;Male;Single;21;53
1519;Customer 1519;Standard;Male;Single;27;72
1520;Customer 1520;Premium;Male;Single;29;6
1521;Customer 1521;Standard;Male;Single;30;54
1522;Customer 1522;Premium;Male;Single;26;21
1523;Customer 1523;Premium;Male;Single;40;82
1524;Customer 1524;Standard;Male;Single;23;8
1525;Customer 1525;Premium;Male;Single;31;39
1526;Customer 1526;Standard;Male;Single;29;26
1527;Customer 1527;Premium;Male;Married;22;34
1528;Customer 1528;Standard;Male;Single;26;2
1529;Customer 1529;Premium;Male;Married;39;51
1530;Customer 1530;Premium;Male;Married;35;34
1531;Customer 1531;Premium;Male;Single;26;62
1532;Customer 1532;Premium;Male;Single;28;42
1533;Customer 1533;Premium;Male;Single;56;84
1534;Customer 1534;Standard;Male;Single;22;53
1535;Customer 1535;Standard;Male;Single;26;92
1536;Customer 1536;Premium;Male;Married;41;23
1537;Customer 1537;Standard;Male;Single;29;97
1538;Customer 1538;Standard;Male;Single;42;90
1539;Customer 1539;Standard;Male;Single;50;24
1540;Customer 1540;Standard;Male;Single;33;88
1541;Customer 1541;Standard;Male;Single;28;79
1542;Customer 1542;Premium;Male;Single;27;42
1543;Customer 1543;Premium;Male;Single;27;21
1544;Customer 1544;Premium;Male;Married;28;40
1545;Customer 1545;Premium;Male;Single;24;14
1546;Customer 1546;Premium;Male;Married;28;3
1547;Customer 1547;Standard;Male;Single;32;84
1548;Customer 1548;Standard;Male;Married;32;52
1549;Customer 1549;Premium;Male;Married;30;30
1550;Customer 1550;Premium;Male;Single;29;88
1551;Customer 1551;Standard;Male;Single;37;54
1552;Customer 1552;Premium;Male;Single;24;73
1553;Customer 1553;Standard;Male;Single;36;76
1554;Customer 1554;Premium;Male;Single;40;7
1555;Customer 1555;Standard;Male;Single;51;87
1556;Customer 1556;Premium;Male;Single;33;17
1557;Customer 1557;Premium;Male;Married;31;27
1558;Customer 1558;Premium;Male;Single;29;84
1559;Customer 1559;Standard;Male;Married;48;3
1560;Customer 1560;Premium;Male;Single;25;49
1561;Customer 1561;Premium;Male;Married;28;80
1562;Customer 1562;Standard;Male;Single;23;17
1563;Customer 1563;Premium;Male;Single;32;54
1564;Customer 1564;Premium;Male;Single;34;49
1565;Customer 1565;Standard;Male;Married;23;30
1566;Customer 1566;Premium;Male;Single;25;55
1567;Customer 1567;Premium;Male;Married;25;22
1568;Customer 1568;Premium;Male;Single;27;6
1569;Customer 1569;Standard;Male;Single;29;64
1570;Customer 1570;Standard;Male;Single;46;62
1571;Customer 1571;Standard;Male;Single;61;26
1572;Customer 1572;Standard;Male;Single;25;43
1573;Customer 1573;Premium;Male;Single;67;48
1574;Customer 1574;Standard;Male;Single;49;24
1575;Customer 1575;Premium;Male;Single;21;80
1576;Customer 1576;Premium;Male;Married;19;70
1577;Customer 1577;Standard;Male;Single;67;61
1578;Customer 1578;Standard;Male;Single;31;57
1579;Customer 1579;Standard;Male;Single;27;1
1580;Customer 1580;Standard;Male;Single;37;76
1581;Customer 1581;Standard;Male;Single;27;91
1582;Customer 1582;Premium;Male;Married;36;52
1583;Customer 1583;Premium;Male;Single;24;87
1584;Customer 1584;Standard;Male;Single;31;19
1585;Customer 1585;Standard;Male;Single;29;22
1586;Customer 1586;Standard;Male;Married;28;50
1587;Customer 1587;Standard;Male;Single;34;29
1588;Customer 1588;Standard;Male;Single;26;60
1589;Customer 1589;Premium;Male;Married;21;86
1590;Customer 1590;Premium;Male;Single;63;41
1591;Customer 1591;Premium;Male;Married;38;90
1592;Customer 1592;Premium;Male;Single;20;75
1593;Customer 1593;Standard;Male;Single;44;38
1594;Customer 1594;Premium;Male;Single;31;42
1595;Customer 1595;Premium;Male;Married;33;2
1596;Customer 1596;Premium;Male;Single;49;67
1597;Customer 1597;Premium;Male;Married;26;89
1598;Customer 1598;Premium;Male;Single;28;31
1599;Customer 1599;Standard;Male;Single;30;40
1600;Customer 1600;Premium;Male;Single;36;10
1601;Customer 1601;Premium;Male;Single;27;86
1602;Customer 1602;Premium;Female;Married;23;26
1603;Customer 1603;Standard;Female;Married;31;6
1604;Customer 1604;Standard;Male;Single;27;48
1605;Customer 1605;Standard;Male;Single;25;2
1606;Customer 1606;Standard;Male;Single;23;99
1607;Customer 1607;Standard;Female;Single;27;97
1608;Customer 1608;Standard;Male;Married;38;38
1609;Customer 1609;Premium;Female;Married;44;60
1610;Customer 1610;Premium;Male;Single;42;20
1611;Customer 1611;Premium;Male;Single;25;13
1612;Customer 1612;Premium;Female;Single;40;49
1613;Customer 1613;Premium;Male;Single;24;77
1614;Customer 1614;Standard;Male;Married;39;1
1615;Customer 1615;Premium;Female;Married;24;48
1616;Customer 1616;Premium;Male;Married;50;87
1617;Customer 1617;Standard;Male;Single;28;64
1618;Customer 1618;Standard;Male;Single;36;92
1619;Customer 1619;Premium;Female;Married;36;22
1620;Customer 1620;Premium;Male;Single;40;44
1621;Customer 1621;Standard;Male;Married;31;21
1622;Customer 1622;Premium;Female;Single;27;66
1623;Customer 1623;Standard;Male;Single;35;26
1624;Customer 1624;Premium;Female;Married;51;25
1625;Customer 1625;Premium;Male;Married;26;99
1626;Customer 1626;Standard;Female;Married;33;46
1627;Customer 1627;Standard;Male;Single;27;57
1628;Customer 1628;Standard;Female;Married;38;49
1629;Customer 1629;Premium;Male;Married;30;50
1630;Customer 1630;Premium;Female;Married;28;21
1631;Customer 1631;Premium;Female;Married;23;42
1632;Customer 1632;Premium;Male;Single;23;26
1633;Customer 1633;Premium;Male;Single;26;32
1634;Customer 1634;Premium;Male;Single;21;1
1635;Customer 1635;Premium;Male;Married;36;100
1636;Customer 1636;Standard;Male;Single;24;42
1637;Customer 1637;Standard;Female;Married;41;59
1638;Customer 1638;Premium;Female;Married;42;69
1639;Customer 1639;Premium;Female;Married;27;93
1640;Customer 1640;Standard;Female;Single;40;30
1641;Customer 1641;Premium;Male;Single;34;64
1642;Customer 1642;Premium;Female;Married;40;99
1643;Customer 1643;Premium;Female;Married;33;8
1644;Customer 1644;Standard;Male;Married;49;76
1645;Customer 1645;Standard;Female;Married;28;1
1646;Customer 1646;Standard;Male;Single;26;38
1647;Customer 1647;Standard;Male;Married;40;6
1648;Customer 1648;Premium;Female;Married;47;37
1649;Customer 1649;Premium;Male;Single;41;63
1650;Customer 1650;Standard;Male;Single;29;61
1651;Customer 1651;Premium;Male;Single;37;69
1652;Customer 1652;Premium;Female;Married;31;82
1653;Customer 1653;Standard;Female;Married;35;88
1654;Customer 1654;Standard;Female;Married;35;47
1655;Customer 1655;Premium;Male;Single;29;17
1656;Customer 1656;Premium;Male;Married;37;91
1657;Customer 1657;Standard;Female;Married;37;35
1658;Customer 1658;Standard;Male;Single;26;62
1659;Customer 1659;Standard;Male;Single;28;4
1660;Customer 1660;Standard;Male;Single;23;66
1661;Customer 1661;Premium;Female;Married;38;60
1662;Customer 1662;Premium;Male;Single;30;82
1663;Customer 1663;Standard;Male;Married;45;25
1664;Customer 1664;Premium;Female;Married;24;55
1665;Customer 1665;Premium;Male;Married;35;69
1666;Customer 1666;Premium;Male;Single;41;27
1667;Customer 1667;Premium;Female;Single;30;96
1668;Customer 1668;Premium;Male;Single;30;53
1669;Customer 1669;Premium;Male;Single;26;54
1670;Customer 1670;Standard;Male;Single;25;27
1671;Customer 1671;Standard;Male;Single;23;98
1672;Customer 1672;Standard;Male;Single;27;31
1673;Customer 1673;Premium;Male;Married;26;29
1674;Customer 1674;Premium;Female;Married;25;72
1675;Customer 1675;Standard;Female;Single;27;62
1676;Customer 1676;Premium;Male;Married;42;62
1677;Customer 1677;Premium;Female;Married;35;93
1678;Customer 1678;Premium;Male;Single;25;57
1679;Customer 1679;Standard;Male;Single;26;45
1680;Customer 1680;Premium;Female;Married;38;5
1681;Customer 1681;Premium;Male;Married;28;23
1682;Customer 1682;Standard;Female;Single;33;28
1683;Customer 1683;Standard;Male;Married;40;55
